{
    "Q": 10080.0,
    "R": 0.1,
    "voc_params": {
        "vL": 1.35531394,
        "v0": 4.12017677,
        "gamma": 0.13286143,
        "alpha": 0.16945463,
        "beta": 2.34538224
    }
}
