{
    "model_config" : {
        "Q": 10080.0,
        "R": 0.1,
        "dt": 10.0,
        "voc_params": {
            "vL": 1.35531394,
            "v0": 4.12017677,
            "gamma": 0.13286143,
            "alpha": 0.16945463,
            "beta": 2.34538224
        },
        "omega_std": 0.001,
        "eta_std": 0.01
    },
    "v_cut": 2.5,
    "SoC": 1.0,
    "I_const_discharge": -2.1
}
